repository,commit_hash,commit_date,notes
appPlatform,53d68bc165126fc374c190e445e17bd87f4816e5,2025-08-07T09:53:05Z,PR #3 merged
appMobile,c1c3f0f655f7e885e489449651fcc0adc8f800f0,2025-08-07T09:53:58Z,PR #3 merged (v2)
modRegion,c6c8e1ec66ed53bd0f727579de11687921954a34,2025-08-07T09:54:07Z,PR #4 merged (v2)
modBrowse,fe53dc187361f99b077162e4b3631218a691654b,2025-08-07T09:45:20Z,PR #2 merged
modFrames,eade1331fce8495b65c12534a37e9ada8fb0e1bb,2025-08-07T09:45:21Z,PR #5 merged
modGallery,48591cc8bf6fbac625b4cb4f332d21ca4f1292a1,2025-08-07T09:45:23Z,PR #8 merged
modUpload,ee91b3b59ea1088f8d61654f880055b07cb632b0,2025-08-07T09:45:43Z,LICENSE added directly to main branch
artcore,7d2fbc31e4cda06cc2459f0e5b5d1cc909464cef,2025-08-07T09:45:12Z,PR #9 merged
artutils,ac6c9401af94a97936e2f51624071e6bb9b452da,2025-08-07T09:45:18Z,PR #12 merged
artbenchmark,cfbed6b7ee52bc0c52b9e955eb3985c317dc1f79,2025-08-07T09:45:10Z,PR #2 merged
artopenai,bce9a293884d3464a1bcb622f4f2fd7d479be75c,2025-08-07T09:45:13Z,PR #4 merged
artopensea,b0e1e3096ba8ea4ccf760e2831e9c6de934f3c9f,2025-08-07T09:45:15Z,PR #4 merged
artpipelines,4759dd550a8af527f6434556dd6068839ce94645,2025-08-07T09:45:16Z,PR #19 merged
pixelsense,695c5904905ddabca3f6d7aa9104f0859c73edb9,2025-08-07T09:45:44Z,LICENSE added directly to main branch
pixelsense2,2f5853951eaca8b454472a8d720e729da3a5a1a2,2025-08-07T09:45:24Z,PR #2 merged
